subj,cond,AOI,duration,order
User 9ab,p2,ai,0.229860,1
User 9ab,p2,ai,1.330620,2
User 9ab,p2,ag,2.086550,3
User 9ab,p2,bg,0.476440,4
User 9ab,p2,ae,0.640620,5
User 9ab,p2,bd,0.098440,6
User 9ab,p2,bf,2.480890,7
User 9ab,p2,ab,0.328310,8
User 9ab,p2,ad,1.067870,9
User 9ab,p2,af,4.616450,10
User 9ab,p2,bh,0.197390,11
User 9ab,p2,ah,1.101010,12
User 9ab,p2,bh,2.464360,13
User 9ab,p2,ai,3.137580,14
User 9ab,p2,ai,1.051390,15
User 9ab,p2,ae,1.429320,16
User 9ab,p2,ai,0.065790,17
