subj,cond,AOI,duration,order
User 16ba,p1,ah,2.185300,1
User 16ba,p1,ah,1.313960,2
User 16ba,p1,af,9.528440,3
User 16ba,p1,ae,3.055910,4
User 16ba,p1,ae,1.971070,5
User 16ba,p1,ad,1.987790,6
User 16ba,p1,ac,2.168580,7
User 16ba,p1,af,2.776250,8
User 16ba,p1,ac,2.283440,9
User 16ba,p1,ae,8.805540,10
User 16ba,p1,af,1.117190,11
User 16ba,p1,ae,1.527840,12
User 16ba,p1,ab,1.544430,13
User 16ba,p1,af,0.213500,14
