subj,cond,AOI,duration,order
User 14ba,p2,ai,3.795080,1
User 14ba,p2,ah,2.119170,2
User 14ba,p2,bg,1.264960,3
User 14ba,p2,af,4.238470,4
User 14ba,p2,bf,0.525630,5
User 14ba,p2,ag,0.164410,6
User 14ba,p2,ai,0.262890,7
User 14ba,p2,ai,0.804860,8
User 14ba,p2,ac,0.394430,9
User 14ba,p2,ab,0.690020,10
User 14ba,p2,ab,0.016570,11
User 14ba,p2,ae,0.213580,12
User 14ba,p2,ah,0.164280,13
