subj,cond,AOI,duration,order
User 13ab,p2,ag,0.213750,1
User 13ab,p2,ai,1.100460,2
User 13ab,p2,ah,0.459960,3
User 13ab,p2,bh,1.264710,4
User 13ab,p2,ae,11.401550,5
User 13ab,p2,bd,0.706480,6
User 13ab,p2,ab,0.755610,7
User 13ab,p2,bg,2.382080,8
User 13ab,p2,ah,0.410460,9
User 13ab,p2,ah,1.708260,10
User 13ab,p2,af,0.131230,11
User 13ab,p2,bg,0.049310,12
