subj,cond,AOI,duration,order
User 14ba,p2,ai,3.795080,1
User 14ba,p2,ah,2.103050,2
User 14ba,p2,bg,1.248490,3
User 14ba,p2,af,4.222000,4
User 14ba,p2,bf,0.508970,5
User 14ba,p2,ag,0.147920,6
User 14ba,p2,ai,0.246540,7
User 14ba,p2,bi,0.443490,8
User 14ba,p2,ai,0.311850,9
User 14ba,p2,ac,0.377870,10
User 14ba,p2,ab,0.148000,11
User 14ba,p2,ae,0.197240,12
User 14ba,p2,ah,0.164280,13
