subj,cond,AOI,duration,order
User 12ba,p1,ag,2.644870,1
User 12ba,p1,ag,1.117150,2
User 12ba,p1,af,2.464350,3
User 12ba,p1,af,12.682830,4
User 12ba,p1,ad,4.287870,5
User 12ba,p1,ag,1.675790,6
User 12ba,p1,ag,0.147890,7
User 12ba,p1,ah,0.394100,8
User 12ba,p1,ab,1.281560,9
User 12ba,p1,ae,0.065830,10
