subj,cond,AOI,duration,order
User 16ba,p2,ah,1.921390,1
User 16ba,p2,ai,1.002450,2
User 16ba,p2,ai,0.806280,3
User 16ba,p2,ag,3.400570,4
User 16ba,p2,bf,2.562930,5
User 16ba,p2,ae,0.492680,6
User 16ba,p2,bd,2.513300,7
User 16ba,p2,ac,8.017090,8
User 16ba,p2,ah,1.938540,9
User 16ba,p2,ai,2.480710,10
User 16ba,p2,ac,0.049260,11
User 16ba,p2,ae,0.131410,12
User 16ba,p2,bg,0.328670,13
User 16ba,p2,bd,1.314580,14
