subj,cond,AOI,duration,order
User 10ba,p1,ag,0.443610,1
User 10ba,p1,ai,4.616570,2
User 10ba,p1,ah,0.476570,3
User 10ba,p1,bi,0.936520,4
User 10ba,p1,ah,2.644770,5
User 10ba,p1,af,24.970950,6
User 10ba,p1,ae,4.813480,7
User 10ba,p1,ad,3.860720,8
User 10ba,p1,ad,2.562750,9
User 10ba,p1,ac,2.070060,10
User 10ba,p1,af,0.819330,11
User 10ba,p1,ab,1.938470,12
User 10ba,p1,ab,1.790650,13
User 10ba,p1,af,4.254020,14
