subj,cond,AOI,duration,order
User 13ab,p1,ag,0.262820,1
User 13ab,p1,ai,2.497320,2
User 13ab,p1,af,12.848390,3
User 13ab,p1,ae,0.032960,4
User 13ab,p1,ad,0.016300,5
User 13ab,p1,ae,0.066040,6
User 13ab,p1,ae,2.184940,7
User 13ab,p1,ae,0.016410,8
User 13ab,p1,ad,1.725100,9
User 13ab,p1,ac,2.645080,10
User 13ab,p1,af,6.407110,11
