subj,cond,AOI,duration,order
User 16ba,p2,ah,1.921390,1
User 16ba,p2,ai,1.002450,2
User 16ba,p2,ai,0.789800,3
User 16ba,p2,ag,0.936400,4
User 16ba,p2,af,2.414790,5
User 16ba,p2,bf,2.546690,6
User 16ba,p2,ae,0.476320,7
User 16ba,p2,bd,2.497010,8
User 16ba,p2,ac,7.064450,9
User 16ba,p2,ab,0.936350,10
User 16ba,p2,ah,1.938540,11
User 16ba,p2,ai,2.480710,12
User 16ba,p2,ac,0.049260,13
User 16ba,p2,ae,0.131410,14
User 16ba,p2,bg,0.328670,15
User 16ba,p2,bd,1.314580,16
