subj,cond,AOI,duration,order
User 15ab,p2,ah,0.279300,1
User 15ab,p2,ai,2.924190,2
User 15ab,p2,ah,0.985600,3
User 15ab,p2,ag,3.137940,4
User 15ab,p2,bg,0.903560,5
User 15ab,p2,ae,5.486820,6
User 15ab,p2,ab,2.234130,7
User 15ab,p2,ab,0.328550,8
User 15ab,p2,bd,0.377870,9
User 15ab,p2,ad,7.655640,10
User 15ab,p2,bg,0.607850,11
User 15ab,p2,ah,4.911990,12
User 15ab,p2,bd,0.049320,13
User 15ab,p2,bg,0.279360,14
