subj,cond,AOI,duration,order
User 17ab,p1,ai,2.119210,1
User 17ab,p1,ag,10.349880,2
User 17ab,p1,ae,0.854140,3
User 17ab,p1,ag,4.599890,4
User 17ab,p1,ac,5.454440,5
User 17ab,p1,ab,3.351250,6
User 17ab,p1,ad,0.279100,7
User 17ab,p1,ag,0.772140,8
User 17ab,p1,ai,1.494860,9
User 17ab,p1,ag,2.069950,10
User 17ab,p1,ae,0.626470,11
User 17ab,p1,ag,1.150150,12
