subj,cond,AOI,duration,order
User 15ab,p1,af,0.312440,1
User 15ab,p1,ai,2.414670,2
User 15ab,p1,af,17.742610,3
User 15ab,p1,ac,6.374150,4
User 15ab,p1,ab,0.772150,5
User 15ab,p1,ab,0.460080,6
User 15ab,p1,af,0.180420,7
User 15ab,p1,ai,2.037230,8
User 15ab,p1,ac,0.525760,9
User 15ab,p1,ae,1.462220,10
