subj,cond,AOI,duration,order
User 18ba,p1,af,0.295840,1
User 18ba,p1,ag,0.197270,2
User 18ba,p1,af,5.865230,3
User 18ba,p1,ah,0.509530,4
User 18ba,p1,bi,0.772090,5
User 18ba,p1,ai,1.084600,6
User 18ba,p1,ag,3.351190,7
User 18ba,p1,ag,0.607600,8
User 18ba,p1,af,0.739080,9
User 18ba,p1,af,2.644900,10
User 18ba,p1,ae,2.940860,11
User 18ba,p1,ad,1.642580,12
User 18ba,p1,ab,1.067570,13
User 18ba,p1,af,1.084720,14
